{"1": {"e": "Prince Albert/Saskatchewan", "f": "Prince Albert/Saskatchewan"}, "2": {"e": "Camrose--Drumheller/Alberta", "f": "Camrose--Drumheller/Alberta"}, "3": {"e": "Northwest/Ontario", "f": "Nord-ouest/Ontario"}, "4": {"e": "Lethbridge--Medicine Hat/Alberta", "f": "Lethbridge--Medicine Hat/Alberta"}, "5": {"e": "Cape Breton/Nova Scotia", "f": "Cape Breton/Nouvelle-\u00c9cosse"}, "6": {"e": "Montr\u00e9al/Quebec", "f": "Montr\u00e9al/Qu\u00e9bec"}, "7": {"e": "London/Ontario", "f": "London/Ontario"}, "8": {"e": "Outaouais/Quebec", "f": "Outaouais/Qu\u00e9bec"}, "9": {"e": "Moncton--Richibucto/New Brunswick", "f": "Moncton--Richibucto/Nouveau-Brunswick"}, "10": {"e": "North Coast/British Columbia", "f": "C\u00f4te-nord/Colombie-Britannique"}, "11": {"e": "Halifax/Nova Scotia", "f": "Halifax/Nouvelle-\u00c9cosse"}, "12": {"e": "South Central/Manitoba", "f": "Centre sud/Manitoba"}, "13": {"e": "Abitibi-T\u00e9miscamingue/Quebec", "f": "Abitibi-T\u00e9miscamingue/Qu\u00e9bec"}, "14": {"e": "Banff--Jasper--Rocky Mountain House/Alberta", "f": "Banff--Jasper--Rocky Mountain House/Alberta"}, "15": {"e": "Laval/Quebec", "f": "Laval/Qu\u00e9bec"}, "16": {"e": "North Central/Manitoba", "f": "Centre nord/Manitoba"}, "17": {"e": "Muskoka--Kawarthas/Ontario", "f": "Muskoka--Kawarthas/Ontario"}, "18": {"e": "Regina--Moose Mountain/Saskatchewan", "f": "Regina--Moose Mountain/Saskatchewan"}, "19": {"e": "Capitale-Nationale/Quebec", "f": "Capitale-Nationale/Qu\u00e9bec"}, "20": {"e": "Calgary/Alberta", "f": "Calgary/Alberta"}, "21": {"e": "Saskatoon--Biggar/Saskatchewan", "f": "Saskatoon--Biggar/Saskatchewan"}, "22": {"e": "Mauricie/Quebec", "f": "Mauricie/Qu\u00e9bec"}, "23": {"e": "Southeast/Manitoba", "f": "Sud-est/Manitoba"}, "24": {"e": "Estrie/Quebec", "f": "Estrie/Qu\u00e9bec"}, "25": {"e": "Toronto/Ontario", "f": "Toronto/Ontario"}, "26": {"e": "Northwest Territories/Northwest Territories", "f": "Territoires du Nord-Ouest/Territoires du Nord-Ouest"}, "27": {"e": "Fredericton--Oromocto/New Brunswick", "f": "Fredericton--Oromocto/Nouveau-Brunswick"}, "28": {"e": "Lanaudi\u00e8re/Quebec", "f": "Lanaudi\u00e8re/Qu\u00e9bec"}, "29": {"e": "Swift Current--Moose Jaw/Saskatchewan", "f": "Swift Current--Moose Jaw/Saskatchewan"}, "30": {"e": "Red Deer/Alberta", "f": "Red Deer/Alberta"}, "31": {"e": "Nechako/British Columbia", "f": "Nechako/Colombie-Britannique"}, "32": {"e": "Edmonton/Alberta", "f": "Edmonton/Alberta"}, "33": {"e": "Saint John--St. Stephen/New Brunswick", "f": "Saint John--St. Stephen/Nouveau-Brunswick"}, "34": {"e": "Hamilton--Niagara Peninsula/Ontario", "f": "Hamilton--Niagara Peninsula/Ontario"}, "35": {"e": "Yorkton--Melville/Saskatchewan", "f": "Yorkton--Melville/Saskatchewan"}, "36": {"e": "Windsor--Sarnia/Ontario", "f": "Windsor--Sarnia/Ontario"}, "37": {"e": "Athabasca--Grande Prairie--Peace River/Alberta", "f": "Athabasca--Grande Prairie--Peace River/Alberta"}, "38": {"e": "Ottawa/Ontario", "f": "Ottawa/Ontario"}, "39": {"e": "Kingston--Pembroke/Ontario", "f": "Kingston--Pembroke/Ontario"}, "40": {"e": "Mont\u00e9r\u00e9gie/Quebec", "f": "Mont\u00e9r\u00e9gie/Qu\u00e9bec"}, "41": {"e": "Northeast/Ontario", "f": "Nord-est/Ontario"}, "42": {"e": "Wood Buffalo--Cold Lake/Alberta", "f": "Wood Buffalo--Cold Lake/Alberta"}, "43": {"e": "Southwest/Manitoba", "f": "Sud-ouest/Manitoba"}, "44": {"e": "Laurentides/Quebec", "f": "Laurentides/Qu\u00e9bec"}, "45": {"e": "Cariboo/British Columbia", "f": "Cariboo/Colombie-Britannique"}, "46": {"e": "Edmundston--Woodstock/New Brunswick", "f": "Edmundston--Woodstock/Nouveau-Brunswick"}, "47": {"e": "Thompson--Okanagan/British Columbia", "f": "Thompson--Okanagan/Colombie-Britannique"}, "48": {"e": "Kootenay/British Columbia", "f": "Kootenay/Colombie-Britannique"}, "49": {"e": "Parklands/Manitoba", "f": "Parklands/Manitoba"}, "50": {"e": "Lower Mainland--Southwest/British Columbia", "f": "Lower Mainland--Sud-ouest/Colombie-Britannique"}, "51": {"e": "North Shore/Nova Scotia", "f": "C\u00f4te-nord/Nouvelle-\u00c9cosse"}, "52": {"e": "Kitchener--Waterloo--Barrie/Ontario", "f": "Kitchener--Waterloo--Barrie/Ontario"}, "53": {"e": "Yukon/Yukon", "f": "Yukon/Yukon"}}